"","enriched_in_ratio_reduced1","enriched_in_ratio_reduced2","enriched_in_ratio_reduced3"
"Control_AAAAAGCTTCCGCCTGATGG",FALSE,FALSE,FALSE
"Control_AAAACAGGACGATGTGCGGC",FALSE,FALSE,FALSE
"Control_AAAACATCGACCGAAAGCGT",FALSE,FALSE,FALSE
"Control_AAAATAGCAGTAAACTCAAC",FALSE,FALSE,FALSE
"Control_AAAATCGATGGGCTGAATCT",FALSE,FALSE,FALSE
"Control_AAAATTATCGGAAACGGTAG",FALSE,FALSE,FALSE
"Control_AAACCCTATGCCCAAATGAG",FALSE,FALSE,FALSE
"Control_AAACCTAGCCCCAATACTTA",FALSE,FALSE,FALSE
"Control_AAACGAGATCGAGAAAGGTA",FALSE,FALSE,FALSE
"Control_AAACGGTACGACAGCGTGTG",FALSE,FALSE,FALSE
"Control_AAACTGTAGTGCAGGGTCAG",FALSE,FALSE,FALSE
"Control_AAAGAAAGAGGAATAGTAGC",FALSE,FALSE,FALSE
"Control_AAAGACTTGCTCCAAAACAC",FALSE,FALSE,FALSE
"Control_AAAGATATAGCAAATTATGG",FALSE,FALSE,FALSE
"Control_AAAGCGACGTAGGCATACTT",FALSE,FALSE,TRUE
"Control_AAATAATATGCATCTCTCGA",FALSE,FALSE,FALSE
"Control_AAATACAAGCTATAGCGATA",FALSE,FALSE,FALSE
"Control_AAATGCACAGATCGCTGATC",FALSE,FALSE,FALSE
"Control_AAATTGGCTTTCGTTCGTGC",FALSE,FALSE,FALSE
"Control_AACAGGAAACGTGACTAAAG",FALSE,FALSE,FALSE
"Control_AACATCTCGTTAGGGGTATC",FALSE,TRUE,FALSE
"Control_AACCACGGCATTGAGAGGTG",FALSE,FALSE,FALSE
"Control_AACGCGAGTCCGGTGGCTAG",FALSE,FALSE,FALSE
"Control_AACGCTGTCGTACGTGTATA",FALSE,FALSE,FALSE
"Control_AACGTGCTGACGATGCGGGC",FALSE,FALSE,FALSE
"Control_AACTACAAGTAAAAGTATCG",FALSE,FALSE,FALSE
"Control_AACTAGAATAGGCGGGCTTG",FALSE,FALSE,FALSE
"Control_AACTAGCCCGAGCAGCTTCG",FALSE,FALSE,FALSE
"Control_AAGAAGAATTGGGGATGATG",FALSE,FALSE,FALSE
"Control_AAGAAGGGCCGTACCCGAAA",FALSE,FALSE,FALSE
"Control_AAGAATTAGGCACGGTTACT",FALSE,TRUE,FALSE
"Control_AAGAGATCACATCTAGGCCA",FALSE,FALSE,FALSE
"Control_AAGAGCGAATCGATTTCGTG",FALSE,FALSE,FALSE
"Control_AAGAGTAGTAGACGCCCGGG",FALSE,FALSE,FALSE
"Control_AAGCACTAGTCCGTATGATG",FALSE,FALSE,FALSE
"Control_AAGCCATTGTATAACTCCAG",FALSE,FALSE,TRUE
"Control_AAGCGGGCACACATGACAAG",FALSE,FALSE,FALSE
"Control_AAGGACTGGAATATGGAGAG",FALSE,FALSE,FALSE
"Control_AAGGCAATTTACTGGATCCT",FALSE,FALSE,FALSE
"Control_AAGGCGCGCGAATGTGGCAG",FALSE,FALSE,FALSE
"Control_AAGGGCGTGCCCTGCGTTGT",FALSE,FALSE,FALSE
"Control_AAGTGACAGATGGGCAGGCG",FALSE,FALSE,FALSE
"Control_AAGTGACGGTGTCATGCGGG",FALSE,FALSE,FALSE
"Control_AAGTGTGTGCATAGCAGGGT",FALSE,FALSE,FALSE
"Control_AATATTTGGCTCGGCTGCGC",FALSE,FALSE,FALSE
"Control_AATCGACTCGAACTTCGTGT",FALSE,FALSE,FALSE
"Control_AATCGCAGGTATCCCAGAGC",FALSE,FALSE,FALSE
"Control_AATCTTACTCGTCCTCCTTG",FALSE,FALSE,FALSE
"Control_AATGCGAGTGTATCCGCAGT",FALSE,FALSE,FALSE
"Control_AATGGGTTGCCGGGAGTAAA",FALSE,FALSE,TRUE
"Control_AATTTAAGCTTCGTAACTGG",FALSE,FALSE,FALSE
"Control_AATTTATCGTCAACATTAAT",FALSE,FALSE,FALSE
"Control_ACAAAAAACTACGGTGATTA",FALSE,FALSE,FALSE
"Control_ACAAAATGCCGTGCGTCAAT",FALSE,FALSE,FALSE
"Control_ACAAACGACCTTGAGCAGGG",FALSE,FALSE,FALSE
"Control_ACAAAGATCGCATGGCATAC",FALSE,FALSE,FALSE
"Control_ACACCCATTCTCATAACGGA",FALSE,FALSE,FALSE
"Control_ACACCGAAGCACCTGTACGT",FALSE,FALSE,FALSE
"Control_ACAGCCCTCACGAGCCCGAA",FALSE,FALSE,FALSE
"Control_ACAGCGCTCTCGTGTACTAT",FALSE,TRUE,FALSE
"Control_ACAGGTTCTTATTCATTGAC",TRUE,TRUE,TRUE
"Control_ACATACCCCCCTGGTTCAGA",FALSE,FALSE,FALSE
"Control_ACATAGTCGACGGCTCGATT",FALSE,FALSE,FALSE
"Control_ACCACTAATGAGATTCTTGT",FALSE,FALSE,FALSE
"Control_ACCCAATGTGGCGGAGCCGA",FALSE,FALSE,FALSE
"Control_ACCCATATATGCTGCCGCAC",FALSE,FALSE,FALSE
"Control_ACCCATGAGTTAAGTTTTCT",FALSE,FALSE,FALSE
"Control_ACCCATTGAGAGTCGCCTGA",FALSE,FALSE,FALSE
"Control_ACCCGATAATAGCTACTGGT",FALSE,FALSE,FALSE
"Control_ACCCTCCGAATCGTAACGGA",FALSE,FALSE,FALSE
"Control_ACCGCTCATATAGGTAAAAA",FALSE,FALSE,FALSE
"Control_ACCTATAATCGACCACATTT",FALSE,FALSE,FALSE
"Control_ACCTATTGTCCCTTCAAGCT",FALSE,FALSE,FALSE
"Control_ACCTTACAATAAGTTATATT",FALSE,FALSE,FALSE
"Control_ACGATCGGTAATGGTCTGTT",FALSE,FALSE,FALSE
"Control_ACGCATGCTTCCCAAAGCGT",TRUE,FALSE,FALSE
"Control_ACGCCATATTTCTGGCTCTA",TRUE,FALSE,FALSE
"Control_ACGCCTCCTCAAATTAGCTC",FALSE,FALSE,FALSE
"Control_ACGCTCAGCACCCGCTATGC",FALSE,FALSE,FALSE
"Control_ACGCTCTCCTGGCAACAAGT",FALSE,FALSE,FALSE
"Control_ACGCTGACGAGTAAAAGCGG",FALSE,FALSE,FALSE
"Control_ACGGAAAGACCTCGCTATTC",FALSE,FALSE,FALSE
"Control_ACGGAGGCTAAGCGTCGCAA",FALSE,FALSE,FALSE
"Control_ACGGGCGGCTATCGCTGACT",FALSE,FALSE,FALSE
"Control_ACGGGGTGAAACCATGTCGT",FALSE,FALSE,FALSE
"Control_ACGGTACATGCGCATGAGTC",FALSE,FALSE,FALSE
"Control_ACGGTGGGGATGGACCTACT",FALSE,FALSE,FALSE
"Control_ACGGTTATGGTCTCATGGGG",FALSE,FALSE,FALSE
"Control_ACGTCAACTGCTGGAGTGGG",FALSE,FALSE,FALSE
"Control_ACGTCCATACTGTCGGCTAC",FALSE,FALSE,FALSE
"Control_ACGTCGTTTAGCACCCGGCT",FALSE,FALSE,FALSE
"Control_ACGTGGGGACATATACGTGT",FALSE,FALSE,FALSE
"Control_ACGTTCGAGTACGACCAGCT",FALSE,FALSE,FALSE
"Control_ACTACTCCGGCAAATACTCG",FALSE,FALSE,FALSE
"Control_ACTACTGGCTATCCGCGCCA",FALSE,FALSE,FALSE
"Control_ACTAGAGTCATGATCAGCGA",FALSE,FALSE,FALSE
"Control_ACTAGCCTGTTCGCGAGTAG",FALSE,FALSE,FALSE
"Control_ACTAGGGCAGTGTGTCTGCA",FALSE,FALSE,FALSE
"Control_ACTATCATGGCACCCAATTG",FALSE,FALSE,FALSE
"Control_ACTATTTAATATTGGTAAGT",FALSE,FALSE,FALSE
"Control_ACTCAGCCATTTTATTAGAA",FALSE,FALSE,FALSE
"Control_ACTCGAAATCACCTATGGTA",FALSE,FALSE,FALSE
"Control_ACTGAGTGGGTAACACGCAT",FALSE,FALSE,FALSE
"Control_ACTGCGGAGCGCCCAATATC",FALSE,FALSE,FALSE
"Control_ACTGCTCCCGGTCGCCCCTC",FALSE,FALSE,FALSE
"Control_ACTGCTGCTGACATCTCTTA",FALSE,TRUE,FALSE
"Control_ACTGCTGCTGTCTTCTAAAT",FALSE,FALSE,FALSE
"Control_ACTGTTGCCGCGCCAACTGC",FALSE,FALSE,FALSE
"Control_ACTTACGGCACTCGCATGCC",FALSE,FALSE,FALSE
"Control_ACTTCAGTTCGGCGTAGTCA",FALSE,FALSE,FALSE
"Control_ACTTCCCACTTCTTAGGTTG",FALSE,FALSE,FALSE
"Control_AGAAACTGAACTATCCTACT",FALSE,FALSE,FALSE
"Control_AGAACCCAGACGCCAGCGGT",FALSE,FALSE,FALSE
"Control_AGAAGAAAAAAATGTCTACG",FALSE,FALSE,FALSE
"Control_AGAAGACCGAGGCGCTTCAA",TRUE,FALSE,FALSE
"Control_AGAATGCCATCTAGTTAGTA",FALSE,FALSE,FALSE
"Control_AGACACGTCACCGGTCAAAA",FALSE,FALSE,FALSE
"Control_AGACCCCGTAGGCAGGACGT",FALSE,FALSE,FALSE
"Control_AGACTCGTATTGTCATATTA",FALSE,FALSE,FALSE
"Control_AGAGCATGATGACCCGTGAC",TRUE,FALSE,FALSE
"Control_AGAGCGTCTTCGTGACAAAC",FALSE,FALSE,FALSE
"Control_AGAGGGATTGGGAGCTTGAC",FALSE,FALSE,FALSE
"Control_AGATGGTCAGATCTAGTAGT",FALSE,FALSE,FALSE
"Control_AGATTCATTCACGAGTTGGG",FALSE,FALSE,FALSE
"Control_AGCACGTAATGTCCGTGGAT",FALSE,FALSE,FALSE
"Control_AGCATTCTCACCAAGACCGA",FALSE,FALSE,FALSE
"Control_AGCATTTGCGCGGCAACTGT",FALSE,FALSE,FALSE
"Control_AGCCCGCCACAGAATAGCTG",FALSE,FALSE,TRUE
"Control_AGCCGGCTTGTGACAGTGAA",FALSE,FALSE,FALSE
"Control_AGCGATCTGGACACTCTCCA",FALSE,FALSE,FALSE
"Control_AGCGATTCACGTATTAGATG",FALSE,FALSE,FALSE
"Control_AGCGCAGATAGCGCGTATCA",FALSE,FALSE,FALSE
"Control_AGCGCTCTGGTTGCATCCCT",FALSE,FALSE,FALSE
"Control_AGCTAGCGATGGCTCTAAGT",FALSE,FALSE,FALSE
"Control_AGCTCCATCGCCGCGATAAT",FALSE,FALSE,FALSE
"Control_AGCTCGCCATGTCGGTTCTC",FALSE,FALSE,FALSE
"Control_AGCTGAAAATATACGTATTC",FALSE,FALSE,FALSE
"Control_AGCTGCGCGCTACTGGATCA",FALSE,FALSE,FALSE
"Control_AGCTGGACTCTGTAGAAATC",FALSE,FALSE,FALSE
"Control_AGCTTAATGTGCAGGTCAGA",TRUE,FALSE,FALSE
"Control_AGCTTTCGAAATTGAGTGTC",FALSE,FALSE,FALSE
"Control_AGGACACAGGATACGCAGCT",FALSE,FALSE,FALSE
"Control_AGGACTAGTGTCGCACTCAG",FALSE,FALSE,FALSE
"Control_AGGAGTGTTATGAAAAGGCT",FALSE,FALSE,FALSE
"Control_AGGATCGTGTACCGGGGACG",FALSE,FALSE,FALSE
"Control_AGGATGCTGAACAAGTACGT",FALSE,FALSE,FALSE
"Control_AGGATGGATTGAGCAGCGGT",FALSE,FALSE,FALSE
"Control_AGGCCACAAATTGTATACAG",FALSE,FALSE,FALSE
"Control_AGGCGCCAACATTGACCGTA",FALSE,FALSE,FALSE
"Control_AGGCTTAAATGGCGAGATTG",FALSE,FALSE,FALSE
"Control_AGGGAAACCTCTATGGGTAA",FALSE,FALSE,FALSE
"Control_AGGGATCGTTAGGAAGGGAA",FALSE,FALSE,FALSE
"Control_AGGGCACCCGGTTCATACGC",FALSE,TRUE,FALSE
"Control_AGGGCGAGCAGCAGAGTACG",FALSE,FALSE,TRUE
"Control_AGGGGCAGGGCTATCTTATG",FALSE,FALSE,FALSE
"Control_AGGGTCAGTCTGTCCTTTTT",FALSE,FALSE,FALSE
"Control_AGGTAAGCCCCTTAGAACTG",FALSE,FALSE,FALSE
"Control_AGGTCAAGCCGACCTCGAAC",FALSE,FALSE,FALSE
"Control_AGGTCGGCCGAACATACGGT",FALSE,FALSE,TRUE
"Control_AGGTTGAATACCCCTTACTA",FALSE,FALSE,FALSE
"Control_AGTACCCCTAGGTATGGGGA",FALSE,FALSE,FALSE
"Control_AGTAGACGGACGGTGAGCTG",FALSE,FALSE,FALSE
"Control_AGTATGAGACTCATAGGGTG",FALSE,FALSE,FALSE
"Control_AGTATTAGGTACCTGCCCTA",FALSE,FALSE,FALSE
"Control_AGTATTGTGGTGTCGTCAAC",FALSE,FALSE,FALSE
"Control_AGTCATAACTGAGTGAATCG",TRUE,FALSE,FALSE
"Control_AGTCTTAAAGACCCTAAGCT",FALSE,FALSE,FALSE
"Control_AGTCTTGGCCAATGTCACGG",FALSE,FALSE,FALSE
"Control_AGTGAGTGACAACCAGATCG",FALSE,FALSE,TRUE
"Control_AGTGCTACTGAAACTTGCCT",FALSE,FALSE,FALSE
"Control_AGTGGGGCGCTAAGTGGGGG",FALSE,FALSE,FALSE
"Control_AGTGTATCTTCCACCTGTCT",TRUE,FALSE,FALSE
"Control_AGTGTGGAAAAGCTAACAGA",FALSE,FALSE,FALSE
"Control_AGTGTTTGAAAAAAGGGCGG",FALSE,FALSE,FALSE
"Control_AGTTCCCAGAAATATATTGC",FALSE,FALSE,FALSE
"Control_AGTTCTGTTCGATAGATGCC",TRUE,FALSE,FALSE
"Control_AGTTGAATGGACCTCGACTA",FALSE,FALSE,FALSE
"Control_ATAAGCCACACTACCCGCCT",FALSE,FALSE,FALSE
"Control_ATAAGCTACTCTGAGTTCCT",FALSE,FALSE,FALSE
"Control_ATAATCCGGAAACGCTCGAC",FALSE,FALSE,FALSE
"Control_ATACAATACTTTGGCGCATA",FALSE,FALSE,TRUE
"Control_ATACCAGATGCGTCCGCTTG",FALSE,FALSE,FALSE
"Control_ATACGAGGCGCTTTTCTTTG",FALSE,FALSE,FALSE
"Control_ATACGCATGATTGCAAGAGG",FALSE,FALSE,FALSE
"Control_ATACGGCCGAAGCCCCTTCA",FALSE,FALSE,FALSE
"Control_ATACTCTCACAGGTACATAA",FALSE,FALSE,FALSE
"Control_ATAGAAGTGTGACCGCTGGG",FALSE,FALSE,FALSE
"Control_ATAGCAGGACGAGGTTCCTT",FALSE,FALSE,FALSE
"Control_ATAGCCGCCGCTCATTACTT",FALSE,FALSE,FALSE
"Control_ATAGCGGATGTCCTTGGAAA",FALSE,FALSE,FALSE
"Control_ATAGCTAAAGTTGATGTGTA",FALSE,FALSE,FALSE
"Control_ATAGGCACCTTAAGGGTCTC",TRUE,FALSE,FALSE
"Control_ATAGGTCATCCACTGGGCGG",FALSE,FALSE,FALSE
"Control_ATAGTAACGTCAGGGAGTAA",FALSE,FALSE,FALSE
"Control_ATATAAACTGTCGCGGTAAA",FALSE,FALSE,FALSE
"Control_ATATGACAGGGCAAACGCAT",FALSE,FALSE,FALSE
"Control_ATATTTCGGCAGTTGCAGCA",FALSE,FALSE,FALSE
"Control_ATATTTTATGACATAAAAAT",FALSE,FALSE,FALSE
"Control_ATCAAAGTGTCTGACTTATT",FALSE,FALSE,FALSE
"Control_ATCAAGTCAGGTTATGCGGG",FALSE,FALSE,FALSE
"Control_ATCACGTGATCGGATGGTTC",FALSE,FALSE,FALSE
"Control_ATCAGCCCATTTCTGCGCAC",FALSE,FALSE,FALSE
"Control_ATCAGGCCTTGTCCGTGATT",FALSE,FALSE,FALSE
"Control_ATCCAGATCACCACGCGTCA",FALSE,FALSE,FALSE
"Control_ATCCATGTGGTTACAATATT",FALSE,FALSE,FALSE
"Control_ATCCTAGGTACAAAAGGACG",FALSE,FALSE,FALSE
"Control_ATCGATATACCGCCATAAAA",FALSE,FALSE,FALSE
"Control_ATCGGTACCTCTTCACATAT",FALSE,FALSE,FALSE
"Control_ATCGTATCATCAGCTAGCGC",FALSE,FALSE,FALSE
"Control_ATCGTTGCTGACAGGATCTA",FALSE,FALSE,FALSE
"Control_ATCGTTTCCGCTTAACGGCG",FALSE,FALSE,FALSE
"Control_ATCTACAATCCAGCCCTCTA",FALSE,FALSE,FALSE
"Control_ATCTCGGGTCGACTGCGGAT",FALSE,FALSE,FALSE
"Control_ATCTCTATACTGTCACTCGC",FALSE,FALSE,FALSE
"Control_ATCTGAGCGTTTTCGGCCGC",FALSE,FALSE,FALSE
"Control_ATCTGCCATGGCGTCCTGGC",FALSE,FALSE,FALSE
"Control_ATCTGTCCTAATTCGGATCG",FALSE,FALSE,FALSE
"Control_ATCTGTGTGACTGCGGTCGG",FALSE,FALSE,FALSE
"Control_ATCTTCAGGGTAACTACGAA",FALSE,FALSE,FALSE
"Control_ATCTTCTCGACGAAAATGCG",FALSE,FALSE,FALSE
"Control_ATGACATTGCGCGTCTACGG",FALSE,FALSE,TRUE
"Control_ATGATATCTGACATGCAGCG",FALSE,FALSE,FALSE
"Control_ATGCAAGACAGCCTCCCAGC",FALSE,FALSE,FALSE
"Control_ATGCCTTAGACTTAACCTCG",FALSE,FALSE,FALSE
"Control_ATGCGAAACGACATTTATTA",FALSE,FALSE,FALSE
"Control_ATGCGCAGCTCCAGAATTTT",FALSE,FALSE,FALSE
"Control_ATGCGCTTTAATCGCCGTTC",FALSE,FALSE,FALSE
"Control_ATGCTGCAGCTTTACGATCA",FALSE,FALSE,FALSE
"Control_ATGGAAGAGCGTCATGACTT",FALSE,FALSE,FALSE
"Control_ATGTAACGAGTTGTAAGTCA",FALSE,FALSE,FALSE
"Control_ATGTCTAGACCTAATCGTTT",FALSE,FALSE,FALSE
"Control_ATGTTATTACAGACGCGTGT",FALSE,FALSE,FALSE
"Control_ATTAAACGACACCTTATTCT",FALSE,FALSE,FALSE
"Control_ATTAGCACGGCGACCTTCTA",FALSE,FALSE,FALSE
"Control_ATTAGCCGTTGCCATATCAA",FALSE,FALSE,FALSE
"Control_ATTAGGCCTTTTTCTTAACT",FALSE,FALSE,FALSE
"Control_ATTCAGCGCGCTCGCCCTGG",FALSE,FALSE,FALSE
"Control_ATTCATGCGCCGCCTCCTCT",FALSE,FALSE,FALSE
"Control_ATTCCTTCGGCGCTCTGCGT",FALSE,FALSE,FALSE
"Control_ATTGAGAATTCGTTTCAAGG",FALSE,FALSE,FALSE
"Control_ATTGCGCAATCCTTAGGATA",FALSE,FALSE,FALSE
"Control_ATTGCTCTGTCGCATCAATC",FALSE,FALSE,FALSE
"Control_ATTTAAACCGTTACACAGTC",FALSE,FALSE,FALSE
"Control_ATTTAGTAATGCACACCCAG",FALSE,FALSE,FALSE
"Control_ATTTAGTAGACATTGGGTCT",FALSE,FALSE,TRUE
"Control_ATTTATAAACACAGGGTCGC",FALSE,TRUE,FALSE
"Control_ATTTCCCTACGGAGATATCC",FALSE,FALSE,FALSE
"Control_ATTTTCGAAAGCTTAGGCCA",FALSE,FALSE,FALSE
"Control_CAAAAAGGCGTTTGAGCGTG",FALSE,FALSE,FALSE
"Control_CAAAAGTCTCGCTTGGTCCT",FALSE,FALSE,FALSE
"Control_CAAAATCTAGCAATTTTTGG",FALSE,FALSE,FALSE
"Control_CAAACAGTCTAAGGCGACGA",FALSE,FALSE,FALSE
"Control_CAAAGGGGGAAGTGCAGGGA",FALSE,FALSE,FALSE
"Control_CAAATACAATTACTTATAGC",FALSE,FALSE,FALSE
"Control_CAAATGCCATTTAGGTTATC",FALSE,FALSE,FALSE
"Control_CAACACCCCGCGTTATGCTA",FALSE,FALSE,FALSE
"Control_CAACCGGCGGGCCCCTACAA",FALSE,FALSE,FALSE
"Control_CAACGACGGGCCTAGTCTCA",FALSE,FALSE,FALSE
"Control_CAACGGGTTCTCCCGGCTAC",FALSE,FALSE,FALSE
"Control_CAAGACCTTATCGTGCAGCG",FALSE,FALSE,FALSE
"Control_CAAGCATTTAGACACCTGTC",FALSE,FALSE,FALSE
"Control_CAAGTGAGCATAAGCGATGT",FALSE,FALSE,FALSE
"Control_CAAGTTTTCTGAAAGGCAAT",FALSE,FALSE,FALSE
"Control_CAATATCGGGTGCTACAGGA",TRUE,FALSE,FALSE
"Control_CAATCGGCGACGTTTTAAAT",FALSE,FALSE,FALSE
"Control_CAATGGCGTGGACATTTGAT",FALSE,FALSE,FALSE
"Control_CACATAACATGAGGTATCAG",FALSE,FALSE,FALSE
"Control_CACATGGGGTACAGCACACC",FALSE,FALSE,FALSE
"Control_CACCATAGAACCTGAAATAC",FALSE,FALSE,FALSE
"Control_CACCCGGAACCACTACTGAG",FALSE,FALSE,FALSE
"Control_CACCCTTATATTCAGTAACT",FALSE,FALSE,FALSE
"Control_CACGAACTCACACCGCGCGA",FALSE,FALSE,FALSE
"Control_CACGCACAATCCTTCACGCA",FALSE,FALSE,FALSE
"Control_CACGCCAACTAAAACTGCAG",FALSE,FALSE,FALSE
"Control_CACGCTTCTGCCATCACCGG",FALSE,TRUE,FALSE
"Control_CACGGCCTAACTTGCTGATA",FALSE,FALSE,FALSE
"Control_CACTGCAGTATTCGTGGCCT",FALSE,TRUE,FALSE
"Control_CACTTACACATGAGGCGGTA",FALSE,FALSE,FALSE
"Control_CAGACCCAGTAAAACCACCA",FALSE,FALSE,FALSE
"Control_CAGACCTAGCTCCGCTCCCA",FALSE,FALSE,FALSE
"Control_CAGACGGTTGGTAAGGACGC",FALSE,FALSE,FALSE
"Control_CAGAGACAATGACATGTAGA",FALSE,FALSE,FALSE
"Control_CAGAGCCTTGCGCAATTTTG",FALSE,FALSE,FALSE
"Control_CAGCCTATTTTGCTACCTAC",FALSE,TRUE,FALSE
"Control_CAGCGCCGAAACTCTTTCCG",FALSE,FALSE,FALSE
"Control_CAGCGGTGCTATTTGGTCTT",FALSE,FALSE,FALSE
"Control_CAGGAGTCGCCGATACGCGT",FALSE,FALSE,FALSE
"Control_CAGGCTGCGCTTCGCAAGCT",FALSE,FALSE,FALSE
"Control_CAGGGTTGCGCAGAGGACTC",TRUE,FALSE,FALSE
"Control_CAGGTTTGCACGCATAGCTA",FALSE,FALSE,FALSE
"Control_CAGTAGCGATCGAATGTCAA",FALSE,FALSE,FALSE
"Control_CAGTCGTTTCTATGGGATCT",FALSE,FALSE,TRUE
"Control_CAGTGTCCGAGCGATATTTT",FALSE,FALSE,FALSE
"Control_CATAAGGTTAACTGCGTGGA",FALSE,TRUE,FALSE
"Control_CATAGGTCCCTAGCAACTCC",FALSE,FALSE,FALSE
"Control_CATCATAAATGTACAACGGG",TRUE,FALSE,FALSE
"Control_CATCTGTAGGGTTGCAAGCC",FALSE,FALSE,FALSE
"Control_CATGAGCGCATTGAATAATA",FALSE,FALSE,FALSE
"Control_CATGATAGATCAGTCTTCCC",FALSE,FALSE,FALSE
"Control_CATGGCATAAGTATAAGACA",FALSE,FALSE,FALSE
"Control_CATGGCCTACGGTGTCTTTG",FALSE,FALSE,FALSE
"Control_CATTAAACCTTGCCCCACAA",FALSE,FALSE,FALSE
"Control_CATTAGCAGCCCAGCGCCCA",FALSE,FALSE,FALSE
"Control_CATTAGTCTGATACCTGTGC",FALSE,FALSE,FALSE
"Control_CATTGCACGCCACAGCATTG",FALSE,FALSE,FALSE
"Control_CATTGCACTCGTTGCCAACG",FALSE,FALSE,FALSE
"Control_CATTGTATGAACGCAATAGC",FALSE,FALSE,FALSE
"Control_CATTGTTGAGCGGGCGCGCT",FALSE,FALSE,FALSE
"Control_CCAAAAAGATGAATATCTCG",FALSE,FALSE,FALSE
"Control_CCAATCTTGAACGTCATGTT",FALSE,FALSE,FALSE
"Control_CCAATGATAAGCCCGAACGG",FALSE,FALSE,FALSE
"Control_CCACACCTGTCTAGCATGAC",FALSE,FALSE,FALSE
"Control_CCACGATGCCACCTCATCCC",FALSE,FALSE,FALSE
"Control_CCACTGGTAAAGGCTAGACT",TRUE,FALSE,FALSE
"Control_CCAGAAAGCCTCTCCATTAC",FALSE,FALSE,FALSE
"Control_CCAGAGCCTTGGTTTATATC",FALSE,FALSE,FALSE
"Control_CCAGCAATACCCCGGTATGG",FALSE,FALSE,FALSE
"Control_CCAGCCAAGAATCCAGCCCC",FALSE,FALSE,FALSE
"Control_CCAGGCTGAAGTTCGTACCT",FALSE,FALSE,FALSE
"Control_CCAGTGCCCTTTTGTCGCAA",FALSE,FALSE,FALSE
"Control_CCAGTTATAATTAGGGGTTT",FALSE,FALSE,FALSE
"Control_CCAGTTGCTCTGGGGGAACA",FALSE,FALSE,FALSE
"Control_CCATAGCTCTAGCGATAAAC",FALSE,FALSE,FALSE
"Control_CCATATCGGGGCGAGACATG",FALSE,FALSE,FALSE
"Control_CCATCACCGATCGTGAGCCT",FALSE,FALSE,FALSE
"Control_CCATTCACAATCCCACTACA",FALSE,FALSE,FALSE
"Control_CCATTCCGTAAGGGCTTGGA",FALSE,FALSE,FALSE
"Control_CCATTCTCAACCGGTCCAAT",FALSE,FALSE,FALSE
"Control_CCCAATGGCTTCTGCGTGAC",FALSE,FALSE,FALSE
"Control_CCCAGGTGTATAATGAAACG",FALSE,FALSE,FALSE
"Control_CCCCAACTTTCGCGACTCCG",FALSE,FALSE,FALSE
"Control_CCCCGTAGCTCATTAGTCTG",FALSE,TRUE,FALSE
"Control_CCCCTATGCAGACTACAATT",FALSE,FALSE,FALSE
"Control_CCCGATGGACTATACCGAAC",TRUE,FALSE,FALSE
"Control_CCCGCCGAAGACCCTGCTTG",FALSE,FALSE,FALSE
"Control_CCCGCTAACAGCCTAGATCA",FALSE,FALSE,FALSE
"Control_CCCGGACGTCAAAGCTGGAT",FALSE,FALSE,FALSE
"Control_CCCGTGGCGTGCGCACCTGT",FALSE,FALSE,FALSE
"Control_CCCTACCTATCCGGTGCTTT",FALSE,FALSE,FALSE
"Control_CCCTCAGGAGCTACTAAGGT",FALSE,FALSE,FALSE
"Control_CCCTGTGAAGGAGGCGTAAG",FALSE,FALSE,FALSE
"Control_CCCTTCTGGCGGGCCAAACA",FALSE,FALSE,FALSE
"Control_CCGCGCATTTCAGAGCACAA",FALSE,FALSE,FALSE
"Control_CCGCTATTGAAACCGCCCAC",FALSE,FALSE,FALSE
"Control_CCGCTGTCTCACTAATCTCA",FALSE,FALSE,FALSE
"Control_CCGGCAAGAAACTATACTTG",FALSE,FALSE,FALSE
"Control_CCGGGAGATTAACGTTAATT",FALSE,FALSE,FALSE
"Control_CCGTCTCCGCATCGTCTTTT",FALSE,FALSE,FALSE
"Control_CCGTGTTCCACAACTACCCT",FALSE,FALSE,FALSE
"Control_CCGTTGATCCCCAGGCGTGC",FALSE,FALSE,FALSE
"Control_CCGTTGGACTATGGCGGGTC",FALSE,FALSE,FALSE
"Control_CCTAAACTCAGACGCACTAC",FALSE,FALSE,FALSE
"Control_CCTAACCCCTGGCCAGGAAG",FALSE,FALSE,FALSE
"Control_CCTAAGGGGTACCACCATGG",FALSE,FALSE,FALSE
"Control_CCTACGCGGTAGGGAACTTT",FALSE,FALSE,FALSE
"Control_CCTACTCCCGTGTGTTATCC",FALSE,FALSE,FALSE
"Control_CCTAGAGGTCCCAAGGCGTG",FALSE,FALSE,FALSE
"Control_CCTAGTTCATAAGCTACGCC",FALSE,FALSE,FALSE
"Control_CCTCCGTGCTAACGCGGACG",FALSE,FALSE,FALSE
"Control_CCTCGATGGTCACCTGTAGC",FALSE,FALSE,FALSE
"Control_CCTCGGGCGTAAATACTCAT",FALSE,FALSE,FALSE
"Control_CCTCGTCCAGATTCCGGCGG",FALSE,FALSE,FALSE
"Control_CCTCTCACCGACTCTGTGTC",FALSE,FALSE,FALSE
"Control_CCTCTCCCAATCTACAGCTC",FALSE,FALSE,FALSE
"Control_CCTCTGGAAGGACACTTCTG",FALSE,FALSE,FALSE
"Control_CCTGCGCGTAGAACAGTGGT",FALSE,FALSE,FALSE
"Control_CCTGCGGTGCACGGCTAGCC",FALSE,FALSE,FALSE
"Control_CCTGTCGCTATCGTTAGAGA",FALSE,TRUE,TRUE
"Control_CCTTATGGAATCAGACCGTT",FALSE,FALSE,FALSE
"Control_CCTTGAAATCAAATCAAACC",FALSE,FALSE,FALSE
"Control_CCTTGGCGAGACGGAGGTAC",FALSE,FALSE,FALSE
"Control_CGAAACCCTCTTAAGTTAAC",FALSE,FALSE,FALSE
"Control_CGAAACCTCCTAACTGAGAG",FALSE,FALSE,FALSE
"Control_CGAACTTAATCCCGTGGCAA",FALSE,FALSE,FALSE
"Control_CGAACTTCTGGCTGCAGTTT",FALSE,FALSE,FALSE
"Control_CGAAGTCTTTCTTAGATGGT",FALSE,FALSE,FALSE
"Control_CGAATATTATTTCTATCGGG",FALSE,FALSE,FALSE
"Control_CGAATCGGAACTTTGTACCG",FALSE,FALSE,FALSE
"Control_CGACAACGTGCAGGTGTATC",FALSE,FALSE,FALSE
"Control_CGACCCATGGATGTGAACCC",FALSE,FALSE,FALSE
"Control_CGACCCGGAGGATGAGATGT",FALSE,FALSE,FALSE
"Control_CGACGCTAGGTAACGTAGAG",FALSE,FALSE,FALSE
"Control_CGACGGTAATGCACCTACTA",FALSE,FALSE,FALSE
"Control_CGACTAACCGGAAACTTTTT",TRUE,FALSE,FALSE
"Control_CGACTGACCCCTGGGTGAAG",FALSE,FALSE,FALSE
"Control_CGAGCAAAGATTGTTGGATA",FALSE,TRUE,TRUE
"Control_CGAGTGGGAAACGGGAATCA",FALSE,FALSE,FALSE
"Control_CGAGTGTTATACGCACCGTT",FALSE,TRUE,TRUE
"Control_CGATGCCCGTCTATGGCCCG",FALSE,FALSE,FALSE
"Control_CGATGGATCCCTAGTTCCTG",FALSE,FALSE,FALSE
"Control_CGCAAGGTGTCGGTAACCCT",FALSE,FALSE,FALSE
"Control_CGCAATCCCTTAGGATAGCC",FALSE,FALSE,FALSE
"Control_CGCACATCTAAAGTTACTAC",FALSE,FALSE,FALSE
"Control_CGCACGACCATTGCTGCTGC",FALSE,FALSE,FALSE
"Control_CGCAGGCTAGATGACACCAG",FALSE,FALSE,FALSE
"Control_CGCAGTACGTATAGACTTAA",FALSE,FALSE,FALSE
"Control_CGCAGTCATTCGATAGGAAT",TRUE,FALSE,FALSE
"Control_CGCATAAGTCGATAGACACA",FALSE,FALSE,FALSE
"Control_CGCCCGTTTATGTGGCTACC",FALSE,FALSE,FALSE
"Control_CGCCGGGACCGTTAGGGAAT",FALSE,FALSE,FALSE
"Control_CGCCGGGCTGACAATTAACG",FALSE,FALSE,TRUE
"Control_CGCCGTTCCGAGATACTTGA",FALSE,FALSE,TRUE
"Control_CGCCTAATTTCCGGATCAAT",FALSE,FALSE,FALSE
"Control_CGCCTCTCACGTGTAGGCTT",FALSE,FALSE,FALSE
"Control_CGCGACGACTCAACCTAGTC",FALSE,FALSE,FALSE
"Control_CGCGCACCACGGGCGCGCAC",FALSE,FALSE,FALSE
"Control_CGCGCAGAAGGCAAGCAGGG",FALSE,TRUE,FALSE
"Control_CGCGGAAATTTTACCGACGA",FALSE,FALSE,TRUE
"Control_CGCGGCCCACGCGTCATCGC",FALSE,FALSE,TRUE
"Control_CGCGTGCATCTGCCGAAGGC",FALSE,FALSE,FALSE
"Control_CGCGTGTAGCTGGAGACAAG",FALSE,FALSE,FALSE
"Control_CGCTAAATTGTCACACGTTT",FALSE,FALSE,FALSE
"Control_CGCTAGGTCCGGTAAGTGCG",FALSE,TRUE,FALSE
"Control_CGCTAGGTTATTTCGTGGCC",FALSE,FALSE,FALSE
"Control_CGCTAGTACGCTCCTCTATA",FALSE,FALSE,FALSE
"Control_CGCTTCCGCGGCCCGTTCAA",FALSE,FALSE,FALSE
"Control_CGGAGCTTAGCGTGGGGGCG",FALSE,FALSE,FALSE
"Control_CGGAGTAACAAGCGGACGGA",FALSE,FALSE,FALSE
"Control_CGGAGTTAACCTGGAACCTT",FALSE,FALSE,FALSE
"Control_CGGCACACCAATGCGTTCGT",FALSE,FALSE,FALSE
"Control_CGGCACCTGTTAGGCTATTC",FALSE,FALSE,FALSE
"Control_CGGCACTAGAAGTTTTTGAA",FALSE,FALSE,FALSE
"Control_CGGCCAAAGAATTAGAAGTT",FALSE,FALSE,FALSE
"Control_CGGCCGCATCCTGTTATATT",FALSE,FALSE,FALSE
"Control_CGGCTCGTTCTACGCACTGA",FALSE,FALSE,FALSE
"Control_CGGCTGAGGCACCTGGTTTA",FALSE,FALSE,FALSE
"Control_CGGCTTTGTTGCCCGTAAGC",FALSE,TRUE,FALSE
"Control_CGGGACGTCGCGAAAATGTA",FALSE,FALSE,FALSE
"Control_CGGGATGCAGCTGGAGAGGA",FALSE,FALSE,FALSE
"Control_CGGGATGGTCCCTGCCGAGA",TRUE,FALSE,FALSE
"Control_CGGGCCTATAACACCATCGA",FALSE,TRUE,FALSE
"Control_CGGGGAATTGCACGGCGGAA",FALSE,FALSE,FALSE
"Control_CGGGTCTCCAAAGATCGCTT",FALSE,TRUE,FALSE
"Control_CGGGTTATGTGATGCCATCT",FALSE,FALSE,FALSE
"Control_CGGTAGTATTAATCGCTGAC",FALSE,FALSE,FALSE
"Control_CGGTGAGCCACACGAAGGAA",FALSE,FALSE,FALSE
"Control_CGGTGCTGTGAAAGCCGAGC",FALSE,FALSE,FALSE
"Control_CGGTGTGCCCCCAAATATTG",FALSE,FALSE,FALSE
"Control_CGGTTTACATCTGCCCATCG",FALSE,TRUE,FALSE
"Control_CGTAATTTTGTAATCGCTTC",FALSE,FALSE,FALSE
"Control_CGTAGTAAATATCTAGCTAA",FALSE,FALSE,FALSE
"Control_CGTATTCGACTCTCAACGCG",FALSE,FALSE,FALSE
"Control_CGTCAAGTATTAAGCTGCTT",TRUE,FALSE,FALSE
"Control_CGTCATATACACAAACGCCC",FALSE,FALSE,FALSE
"Control_CGTCCAGAAGAACGGCCCCT",FALSE,FALSE,FALSE
"Control_CGTCCCTTCGTCTCTGCTTA",FALSE,FALSE,FALSE
"Control_CGTCGAGTGCTCGAACTCCA",FALSE,FALSE,FALSE
"Control_CGTCGCCATATGCCGGTGGC",FALSE,TRUE,TRUE
"Control_CGTCGGGTAGCTATTTCTTT",FALSE,FALSE,FALSE
"Control_CGTGCCTTTACATTCACTTT",FALSE,FALSE,TRUE
"Control_CGTGCGGTAAATACGAAATA",FALSE,FALSE,FALSE
"Control_CGTGCGTGAAATCGCTAGCT",FALSE,FALSE,FALSE
"Control_CGTGGCCGGAACCGTCATAG",FALSE,FALSE,FALSE
"Control_CGTGGTAGGGGTTTCCTCAA",FALSE,FALSE,FALSE
"Control_CGTGTAAAAATACCTTTCTA",FALSE,FALSE,FALSE
"Control_CGTGTGTGGGTAAACGGAAA",FALSE,FALSE,TRUE
"Control_CGTGTTTGGAATTTGCCGCG",FALSE,FALSE,FALSE
"Control_CGTTAAGACTAGCTCGGTTT",FALSE,FALSE,FALSE
"Control_CGTTGGGCATAGCGAACACT",FALSE,FALSE,FALSE
"Control_CGTTGTAGGGTCTTTCTTGA",FALSE,FALSE,FALSE
"Control_CTAAAATTTTTGCGTGTTTG",FALSE,FALSE,FALSE
"Control_CTAACATGAGTACATAGATA",FALSE,TRUE,FALSE
"Control_CTAACGGACTGCAGAACGGA",FALSE,FALSE,FALSE
"Control_CTAAGTTTGTTAATGGGCCA",FALSE,FALSE,FALSE
"Control_CTAATCACGACCTCACCCTA",FALSE,FALSE,FALSE
"Control_CTAGAGGGGTATAGCAACAA",FALSE,FALSE,FALSE
"Control_CTAGCCGCCCAGATCGAGCC",FALSE,FALSE,FALSE
"Control_CTATAACCGAATCAAAGGGT",FALSE,FALSE,FALSE
"Control_CTATATTGTCGCGCAGTGGA",FALSE,FALSE,FALSE
"Control_CTATCTCGAGTGGTAATGCG",FALSE,FALSE,FALSE
"Control_CTCAACCGACCGTATGGTCA",FALSE,FALSE,FALSE
"Control_CTCACGGGGACATACAGGGC",FALSE,FALSE,FALSE
"Control_CTCAGTGGATACGATTTGCT",FALSE,FALSE,FALSE
"Control_CTCATGAGTCGTTTCTTTCA",FALSE,FALSE,FALSE
"Control_CTCCCAGTACCAGTCAGTTC",FALSE,FALSE,FALSE
"Control_CTCCCATTGATCTACGATGG",FALSE,FALSE,FALSE
"Control_CTCCCTGCCGGCCGGGTTAG",FALSE,FALSE,FALSE
"Control_CTCCGTTATGTGGCATGAGA",FALSE,FALSE,FALSE
"Control_CTCCTTACGTCGGGCATTAA",FALSE,FALSE,TRUE
"Control_CTCGACAGTTCGTCCCGAGC",FALSE,FALSE,FALSE
"Control_CTCGCACCATTGAGGGTAGT",FALSE,FALSE,FALSE
"Control_CTCGGAATACTCCTATTACA",FALSE,FALSE,FALSE
"Control_CTCGGCCCACTTGCGTTATA",FALSE,FALSE,FALSE
"Control_CTCGGGACTAACGTGAGAGC",FALSE,FALSE,FALSE
"Control_CTCTCTCCTACCTGTCCACC",FALSE,FALSE,FALSE
"Control_CTCTGTGAGATGTCCCGAAA",TRUE,FALSE,TRUE
"Control_CTCTTTTGAGATTGACAAGT",FALSE,FALSE,FALSE
"Control_CTGAAGGTGTCTGGCAGAGC",FALSE,FALSE,FALSE
"Control_CTGACGTGTCTGAAATGAGT",FALSE,FALSE,FALSE
"Control_CTGAGTGAAAAATAAAAGTT",FALSE,FALSE,FALSE
"Control_CTGCACTGTGGAGACGCCCG",TRUE,FALSE,FALSE
"Control_CTGCCCCAGGCGTAATCCTC",FALSE,FALSE,FALSE
"Control_CTGCCCTCTTGAAATAGCCA",FALSE,FALSE,FALSE
"Control_CTGCGTGTCTTGCTCGCATG",FALSE,TRUE,FALSE
"Control_CTGGATCGCCCGCAGAAATA",TRUE,FALSE,FALSE
"Control_CTGGCCGAATCTCACTATGT",FALSE,FALSE,FALSE
"Control_CTGGCTTATTAGCTATAAAG",FALSE,FALSE,FALSE
"Control_CTGGTGACCGACAATTACAC",FALSE,FALSE,FALSE
"Control_CTGTATTAACGAACCTTGTG",FALSE,FALSE,TRUE
"Control_CTGTCCACCTACAGCGATGT",FALSE,FALSE,FALSE
"Control_CTGTGTTGCTCCCCTCCCCT",FALSE,FALSE,FALSE
"Control_CTTAACACTTTAGTGCGTCA",FALSE,FALSE,FALSE
"Control_CTTAAGCTTATCAACATCCG",FALSE,FALSE,FALSE
"Control_CTTAAGGCGAGAAAAATTAG",FALSE,FALSE,FALSE
"Control_CTTAAGTCATGAGCAAAGAT",FALSE,FALSE,FALSE
"Control_CTTACAATCGTCGGTCCAAT",FALSE,FALSE,FALSE
"Control_CTTACCCCTATTATAATGAA",FALSE,FALSE,FALSE
"Control_CTTACGCGCCTGGTCAAAAG",FALSE,FALSE,FALSE
"Control_CTTAGCTGACCGACAAGGTG",FALSE,FALSE,FALSE
"Control_CTTAGGATTCCGAGGTATCT",FALSE,FALSE,TRUE
"Control_CTTATTACTCCAGTATAAGA",FALSE,FALSE,FALSE
"Control_CTTCCGTTATTCGGAAGTGA",FALSE,FALSE,FALSE
"Control_CTTCCTGCGTGGCTTTAAAC",FALSE,FALSE,FALSE
"Control_CTTCGACGCCATCGTGCTCA",FALSE,FALSE,FALSE
"Control_CTTCTAGCTGGTTCATTGCT",FALSE,FALSE,FALSE
"Control_CTTGTTGCGTATACGAGACT",FALSE,FALSE,FALSE
"Control_CTTTATCTGGCGTGGGGTAT",FALSE,FALSE,FALSE
"Control_CTTTGATAACGTGGGCGGTA",FALSE,FALSE,FALSE
"Control_CTTTTCAGCTGAGACGTACG",FALSE,FALSE,FALSE
"Control_CTTTTTTTATTTATCGATCG",FALSE,FALSE,FALSE
"Control_GAAAACACGATGACGTCTCT",FALSE,FALSE,FALSE
"Control_GAAACGAGAAGTTTGTACTA",FALSE,FALSE,FALSE
"Control_GAAAGGCATAGTGAGAATGG",FALSE,FALSE,FALSE
"Control_GAAATGCTATGCTTCGGTTC",FALSE,FALSE,FALSE
"Control_GAACCCAACCTTTTACCGCA",FALSE,FALSE,FALSE
"Control_GAACCGACTTGAAGGGGGCT",FALSE,FALSE,FALSE
"Control_GAACCTCCCCGAATATCTGG",FALSE,FALSE,FALSE
"Control_GAACGCCGCTCAAGTTGATA",FALSE,FALSE,FALSE
"Control_GAACGTAGAAATTCCCATTT",FALSE,TRUE,FALSE
"Control_GAACGTCCAAGCAAGGGAGC",FALSE,FALSE,FALSE
"Control_GAACTCAACCAGAGGGCCAA",FALSE,FALSE,FALSE
"Control_GAACTGGCAAACAGGCGTGG",FALSE,FALSE,FALSE
"Control_GAAGACGTGCTGGCGTCACC",FALSE,FALSE,FALSE
"Control_GAAGCGATCCGAGAGTGTAT",FALSE,FALSE,FALSE
"Control_GAAGCGGGACCGTGTCTCAC",FALSE,FALSE,FALSE
"Control_GAATAGATTTGTCAGTTAGG",FALSE,FALSE,FALSE
"Control_GAATCGACCGACACTAATGT",FALSE,FALSE,FALSE
"Control_GACAATCATGGTGAAAGCGG",FALSE,FALSE,FALSE
"Control_GACACTATCCAACCCAAGAG",FALSE,FALSE,FALSE
"Control_GACAGATCACGTATCAGGGC",FALSE,FALSE,FALSE
"Control_GACAGTGAAATTAGCTCCCA",FALSE,FALSE,FALSE
"Control_GACCCCCGATAACTTTTGAC",TRUE,FALSE,FALSE
"Control_GACCGCAAAGTGGTCCGAAG",FALSE,FALSE,FALSE
"Control_GACCGCGTGAGATAACGTCA",FALSE,FALSE,FALSE
"Control_GACCTATGCCAGAAAGTTCG",FALSE,FALSE,FALSE
"Control_GACCTTCATTGAAGAAAAGC",FALSE,FALSE,TRUE
"Control_GACGAGGGCGGCAGAGCAGT",FALSE,FALSE,FALSE
"Control_GACGCCCTAATGCCCATCGT",FALSE,FALSE,FALSE
"Control_GACGCCTTGCCCGGCTCACA",FALSE,FALSE,FALSE
"Control_GACGTAGCCTTCCGAAATAT",FALSE,FALSE,FALSE
"Control_GACTGAAATCCAAGGACTGT",FALSE,FALSE,FALSE
"Control_GACTTCTAGAATATAAAAGA",FALSE,FALSE,FALSE
"Control_GACTTTGGTTGAGCTTCAAT",FALSE,FALSE,FALSE
"Control_GAGAAGGATGGAAATTAGAA",FALSE,FALSE,FALSE
"Control_GAGAAGTGGGGAGCCATTGG",FALSE,FALSE,FALSE
"Control_GAGACCACTTTCGTGCAAGC",FALSE,FALSE,FALSE
"Control_GAGAGCGTTAGCGTGGGATG",FALSE,FALSE,FALSE
"Control_GAGAGTGCGCCTTGATAGTA",FALSE,FALSE,FALSE
"Control_GAGATGATAACTTAATTTGT",FALSE,FALSE,FALSE
"Control_GAGCAATCCAAAGTTAACGG",FALSE,FALSE,FALSE
"Control_GAGCAGCTGTCAGGTCTTGT",FALSE,FALSE,FALSE
"Control_GAGCTTAGCAAAGGGTTGGG",FALSE,FALSE,FALSE
"Control_GAGGACCTTAAGGTGACATG",FALSE,FALSE,FALSE
"Control_GAGGGGGCTTCAAACATGTG",FALSE,FALSE,FALSE
"Control_GAGGTATGTCATCGCCATGA",FALSE,FALSE,FALSE
"Control_GAGTAATTTCGAACGTATTG",TRUE,FALSE,FALSE
"Control_GAGTACAGCGATTCCTCATG",FALSE,FALSE,FALSE
"Control_GAGTCGAAGATGGTCTAGGA",FALSE,FALSE,FALSE
"Control_GAGTGATGCTTAGACTCCGT",FALSE,FALSE,FALSE
"Control_GAGTGTAAGCTAACACTCTG",FALSE,FALSE,TRUE
"Control_GAGTTATTTATTCTCTCGAG",FALSE,FALSE,FALSE
"Control_GAGTTTCTAGTAGTGGTAGG",FALSE,FALSE,FALSE
"Control_GATATCCCGCGAAAAAATCT",FALSE,FALSE,FALSE
"Control_GATATGGCTCGAGTAATCTT",FALSE,FALSE,FALSE
"Control_GATCATAATCGCTTCAAGCA",TRUE,TRUE,FALSE
"Control_GATCCAGCAATATTTCTTAA",FALSE,FALSE,FALSE
"Control_GATCCAGGAGTGATCGAGTA",FALSE,FALSE,FALSE
"Control_GATCCTTCTCTTTTTGGTTT",FALSE,FALSE,FALSE
"Control_GATCTAGTCCTCTAATCGAT",FALSE,FALSE,FALSE
"Control_GATGGCGCGCAGTTGAGTCA",TRUE,FALSE,FALSE
"Control_GATGGCGCTTCAGTCGTCGG",FALSE,FALSE,FALSE
"Control_GATGTGATCTATGGTTGCGA",FALSE,FALSE,FALSE
"Control_GATTCATACTAAACACTCTA",FALSE,FALSE,FALSE
"Control_GATTGTGGTCGCTCAAAACC",FALSE,FALSE,FALSE
"Control_GATTTTAGCTTAGGTCTTAC",FALSE,FALSE,FALSE
"Control_GCAAAAACCCAACGCTATTC",FALSE,FALSE,FALSE
"Control_GCAAAAGTGGCATAAAACCG",FALSE,FALSE,FALSE
"Control_GCAAACCCGAGTGACACGTC",FALSE,FALSE,FALSE
"Control_GCAAATTCAGACAGCTAATT",FALSE,FALSE,FALSE
"Control_GCAAGGTCATGAAACCAAGC",FALSE,FALSE,FALSE
"Control_GCAATGCAATCGCAGGAGCA",FALSE,FALSE,FALSE
"Control_GCACAAAACCAGCAATGGTC",FALSE,FALSE,FALSE
"Control_GCACATCGTTATATACCAGA",FALSE,FALSE,FALSE
"Control_GCACGAGGTGAACAGCCGCT",FALSE,FALSE,FALSE
"Control_GCACGCTGTACAGACGACAA",TRUE,FALSE,FALSE
"Control_GCACTTTGTTTGGCCTACTG",FALSE,FALSE,FALSE
"Control_GCAGCGAGATAACTTGACTC",TRUE,FALSE,FALSE
"Control_GCAGTACTACTGAGTTTTTC",FALSE,FALSE,FALSE
"Control_GCCAACAAGAATCGGATCCC",FALSE,FALSE,FALSE
"Control_GCCACACGAATCATAAAGAG",FALSE,FALSE,FALSE
"Control_GCCAGCGGGGATATGGTGAA",FALSE,FALSE,FALSE
"Control_GCCAGGGTATGGGCATCTCG",FALSE,FALSE,FALSE
"Control_GCCAGGGTTCTTGGTCCCGA",FALSE,FALSE,FALSE
"Control_GCCATTCTAGTCCCGGCATA",FALSE,FALSE,FALSE
"Control_GCCCAGACGCCCTAGAATAG",TRUE,FALSE,FALSE
"Control_GCCCCAAGCTAGAACTCAGC",FALSE,FALSE,FALSE
"Control_GCCCCGCCGCCCTCCCCTCC",FALSE,FALSE,TRUE
"Control_GCCCCGTAAATCTCATTACA",FALSE,FALSE,FALSE
"Control_GCCCCTTATGATTGTTATAG",TRUE,FALSE,FALSE
"Control_GCCCTTCAATGCGTTCCGTA",FALSE,FALSE,FALSE
"Control_GCCGCCGATTTCATAAGTAA",FALSE,FALSE,FALSE
"Control_GCCGTGGTATCAAGTCGGTA",FALSE,FALSE,FALSE
"Control_GCCGTGTTGCTGGATACGCC",FALSE,FALSE,FALSE
"Control_GCCTAGTCTCGGTAAGAGTG",FALSE,FALSE,FALSE
"Control_GCCTATCGGCATTCCCACTG",TRUE,TRUE,FALSE
"Control_GCCTGCCCTAAACCCCGGAA",FALSE,FALSE,FALSE
"Control_GCCTGGGTTTTGGTGCATAC",FALSE,FALSE,FALSE
"Control_GCGAACCCCGTAGCCAGGCT",FALSE,FALSE,FALSE
"Control_GCGAATGCCTGAAAGTATAA",FALSE,FALSE,FALSE
"Control_GCGATCGGAGTGCCACGATA",FALSE,FALSE,FALSE
"Control_GCGGAATGAACACGAGGTAG",FALSE,FALSE,FALSE
"Control_GCGGCGTCATCCACGCGTGC",FALSE,TRUE,TRUE
"Control_GCGGCGTCTGGGAATCGTTC",FALSE,FALSE,FALSE
"Control_GCGGGCAGAACGACCCTGAC",FALSE,FALSE,FALSE
"Control_GCGGGGCGGTGACTTTCAAG",FALSE,FALSE,FALSE
"Control_GCGGTTCCGGGAGCACATTT",FALSE,FALSE,TRUE
"Control_GCGTGCGTCCCGGGTTACCC",FALSE,FALSE,FALSE
"Control_GCGTTCCCCCACTGACGGGG",FALSE,FALSE,FALSE
"Control_GCTAAGGTCATGTTTGCAAT",FALSE,FALSE,FALSE
"Control_GCTAGTGTCGTGGGGGATGA",FALSE,FALSE,FALSE
"Control_GCTAGTTTCTGTTAGCTCCT",FALSE,FALSE,FALSE
"Control_GCTCCCATCCATAGTAAAAA",FALSE,FALSE,FALSE
"Control_GCTCGCAAGTATTTAAGGAC",FALSE,FALSE,FALSE
"Control_GCTGAACGCCGACAGGACGG",FALSE,FALSE,FALSE
"Control_GCTGATATATACGACAAGCC",FALSE,FALSE,FALSE
"Control_GCTGCGGCGAGATCACATAA",FALSE,TRUE,FALSE
"Control_GCTGGAGAGACAATTCTACT",FALSE,FALSE,FALSE
"Control_GCTGTTCCGAAGTTGAGAAT",FALSE,FALSE,FALSE
"Control_GCTGTTGTAACGGTAGATAT",FALSE,FALSE,FALSE
"Control_GCTTAACCTATCCGCCAGTA",FALSE,FALSE,FALSE
"Control_GCTTAAGTCACGGCTTTCCA",FALSE,TRUE,TRUE
"Control_GCTTCGCTGGCAGGACCTCA",FALSE,FALSE,FALSE
"Control_GCTTGCATAATTCTGGCCAG",FALSE,FALSE,TRUE
"Control_GCTTGCTATATGGGTGCGAG",FALSE,FALSE,FALSE
"Control_GCTTTCAATTGCAAAAATAC",FALSE,FALSE,FALSE
"Control_GCTTTTTCCAGCGAGAGCAA",FALSE,FALSE,FALSE
"Control_GGAAACTGGGTTTCATCGTC",FALSE,FALSE,FALSE
"Control_GGAACCCTCCCTGCGATAGA",FALSE,FALSE,FALSE
"Control_GGAACGAGGCAGTGACAGGG",FALSE,TRUE,FALSE
"Control_GGAATCCGGAGCTCATGAGG",FALSE,FALSE,FALSE
"Control_GGAATGTCCTAGGTTACTGA",FALSE,FALSE,FALSE
"Control_GGAATTACGACTAACCGATT",FALSE,FALSE,FALSE
"Control_GGACCAACTCCCCTGCCCAC",FALSE,FALSE,FALSE
"Control_GGACGCACCATTCCGGGTGA",FALSE,FALSE,FALSE
"Control_GGACTATCCACCGTTTACTC",FALSE,FALSE,FALSE
"Control_GGACTTTAGTTCCAGTGGTT",FALSE,FALSE,FALSE
"Control_GGAGAGGAAAATCGGCACAG",FALSE,FALSE,FALSE
"Control_GGAGAGGGCCCGCGAACTCA",FALSE,FALSE,FALSE
"Control_GGAGATGCGGCCTTCTCAAA",FALSE,FALSE,FALSE
"Control_GGAGTATAAAAAAGTGGTGT",FALSE,FALSE,FALSE
"Control_GGAGTGGTCCCGTACGCAAC",FALSE,FALSE,TRUE
"Control_GGATACCTGGGCCGACTTTC",FALSE,FALSE,FALSE
"Control_GGATATTGAGTAAACCCGAT",FALSE,FALSE,FALSE
"Control_GGATCTAGCTACCTCAAAAG",FALSE,FALSE,FALSE
"Control_GGATGTTTCTGTGCGCACAT",FALSE,FALSE,FALSE
"Control_GGATTAATTCGCTAAATGAT",FALSE,FALSE,FALSE
"Control_GGATTGAATGGCTAACGCGG",FALSE,FALSE,FALSE
"Control_GGATTTGTCGCTTGCCACAC",FALSE,FALSE,FALSE
"Control_GGCACTCCGAAAGACCTTAT",FALSE,FALSE,FALSE
"Control_GGCCACAAAAACTCGCTAAG",FALSE,FALSE,FALSE
"Control_GGCCACGAAGGGCGAAAAGG",FALSE,FALSE,FALSE
"Control_GGCCCTCTAGAAAAGTCTCG",TRUE,FALSE,FALSE
"Control_GGCCGTCGTATTCCCCCAAG",FALSE,FALSE,FALSE
"Control_GGCGATTCGGGTGGAGGTCG",FALSE,FALSE,FALSE
"Control_GGCGCATTAAAGTCGAGAGC",FALSE,FALSE,FALSE
"Control_GGCGTCAAAATTAGAAGCCG",FALSE,FALSE,FALSE
"Control_GGCGTTAATTAAACTGTTTT",FALSE,FALSE,TRUE
"Control_GGCTCTGGGGCTCACGGACG",FALSE,FALSE,FALSE
"Control_GGCTGGTTGACCTTCCCGCT",TRUE,FALSE,FALSE
"Control_GGCTGGTTGACGACTCCTGA",FALSE,FALSE,FALSE
"Control_GGCTTACGTGGGGGGCAAAA",FALSE,FALSE,FALSE
"Control_GGGACATCCTTGCCGTCTCA",TRUE,FALSE,FALSE
"Control_GGGACGCGAAAGAAACCAGT",FALSE,FALSE,FALSE
"Control_GGGACTGATATATGGCGAAC",FALSE,FALSE,FALSE
"Control_GGGACTGTAGGAACATCCGC",FALSE,FALSE,FALSE
"Control_GGGAGGTGGCTTTAGGTTTT",FALSE,FALSE,FALSE
"Control_GGGAGTTGATTGTTTCGAGA",FALSE,FALSE,FALSE
"Control_GGGATGCGTCTTGCTAAACC",FALSE,FALSE,FALSE
"Control_GGGCAGAAGTTGCTGTCCTG",TRUE,FALSE,FALSE
"Control_GGGCCCGCATAGGATATCGC",FALSE,FALSE,FALSE
"Control_GGGCCTACGATCAGAGGTGT",FALSE,FALSE,FALSE
"Control_GGGCGCTAAGATATATGCCC",TRUE,FALSE,FALSE
"Control_GGGCGGTCAGGTCGCTCCGA",FALSE,FALSE,FALSE
"Control_GGGCGTGTATGTTCGTATTG",FALSE,FALSE,TRUE
"Control_GGGGAAACAAGTAGGCTTTG",FALSE,FALSE,FALSE
"Control_GGGGCAGGGACCGAGTATCC",FALSE,FALSE,FALSE
"Control_GGGGCTTACGTGAAGGGCGG",FALSE,FALSE,FALSE
"Control_GGGTATAGACGCGATCCTCA",FALSE,FALSE,FALSE
"Control_GGGTCGAGGACTAATAGATT",TRUE,FALSE,FALSE
"Control_GGGTGCCCACTAATAGCCGC",FALSE,FALSE,FALSE
"Control_GGGTGGTCATTCTCTACTTG",FALSE,FALSE,FALSE
"Control_GGTACCTGAACAACGGCACC",FALSE,FALSE,FALSE
"Control_GGTACTGGAAGTCCGAAACC",FALSE,FALSE,FALSE
"Control_GGTAGACGGGGCATCTCAGC",FALSE,FALSE,FALSE
"Control_GGTATTCCGAAGTCCTCCGC",FALSE,FALSE,FALSE
"Control_GGTCACCGATCGAGAGCTAG",FALSE,FALSE,FALSE
"Control_GGTCCCTCAGGGTGCAACTT",FALSE,FALSE,FALSE
"Control_GGTCCCTCTGGCTGGGTTAA",FALSE,TRUE,FALSE
"Control_GGTCCGCGCACAAGAGCAGG",FALSE,FALSE,FALSE
"Control_GGTCGCCTGTGCGACATGCT",FALSE,FALSE,FALSE
"Control_GGTCTCACCTGCACCCCGAA",FALSE,FALSE,FALSE
"Control_GGTCTCTGTACGGGCCGCCC",TRUE,FALSE,FALSE
"Control_GGTCTGCTCCAATGGGAACC",FALSE,FALSE,FALSE
"Control_GGTGCGGTCTGCTTGTAGAT",FALSE,FALSE,TRUE
"Control_GGTGCTTAGCTCTGCGCACA",TRUE,TRUE,FALSE
"Control_GGTGTCACCACCGCTTACCA",FALSE,FALSE,FALSE
"Control_GGTTAACATCGCCACTCTGA",FALSE,FALSE,FALSE
"Control_GGTTAGAGACTAGGCGCGCG",TRUE,FALSE,FALSE
"Control_GGTTCGAGACCTACTTAAGT",FALSE,FALSE,FALSE
"Control_GGTTGCTGTGACGAACGGGG",FALSE,FALSE,FALSE
"Control_GGTTTCACTTCGAGACCGGC",FALSE,FALSE,FALSE
"Control_GGTTTTATAAGGGTGGGCCT",FALSE,FALSE,FALSE
"Control_GTAAACTTTGTCTGGAGTAT",FALSE,TRUE,FALSE
"Control_GTAAAGAAGCGGAAAGGTCC",FALSE,FALSE,FALSE
"Control_GTAAATTAATGTAACTACCG",FALSE,FALSE,FALSE
"Control_GTAAGGCCCGCGTACGAGCT",FALSE,FALSE,FALSE
"Control_GTAATTTTATGAGTTAAGTG",FALSE,FALSE,FALSE
"Control_GTACACACTTATGCCATCAC",FALSE,FALSE,FALSE
"Control_GTACATTCCAGTATTCACGC",FALSE,FALSE,TRUE
"Control_GTACCATACCGCGTACCCTT",FALSE,FALSE,FALSE
"Control_GTACCATTGCCGGCTCCCTA",FALSE,TRUE,FALSE
"Control_GTACCCCTATGGCCGTTCTA",FALSE,FALSE,FALSE
"Control_GTACGGGGCGATCATCCACA",FALSE,TRUE,FALSE
"Control_GTAGACGTCGTGAGCTTCAC",FALSE,FALSE,FALSE
"Control_GTAGCTGCTGTAAATCGCAT",FALSE,FALSE,FALSE
"Control_GTAGGCGCGCCGCTCTCTAC",FALSE,FALSE,FALSE
"Control_GTAGGGTACAGCGTCAGCTT",FALSE,FALSE,FALSE
"Control_GTATCCCATATCGGCACAGG",FALSE,FALSE,FALSE
"Control_GTATTAAGATGCGTCTTAGA",FALSE,FALSE,FALSE
"Control_GTATTACTGATATTGGTGGG",FALSE,TRUE,FALSE
"Control_GTCAAGAGATTATGAGATTC",FALSE,FALSE,FALSE
"Control_GTCAGGTAATAGTCGGACTC",FALSE,FALSE,FALSE
"Control_GTCATCAGCGATTTGACGAG",FALSE,FALSE,FALSE
"Control_GTCCAATAAAAAGTGCCACT",FALSE,FALSE,FALSE
"Control_GTCCCGTGATTTTAGCCAGG",FALSE,FALSE,FALSE
"Control_GTCCTCATCCGGTCAGGCTG",FALSE,FALSE,FALSE
"Control_GTCGCTGCGCCAGTGAGAAC",FALSE,FALSE,FALSE
"Control_GTCGTCCGGGATTACAAAAT",FALSE,TRUE,TRUE
"Control_GTCTTCACAGGGTGCAACGA",FALSE,FALSE,FALSE
"Control_GTGAAACAGAGGGTCCATCA",FALSE,FALSE,FALSE
"Control_GTGAACTGCAATCTTATTAT",FALSE,FALSE,FALSE
"Control_GTGAGATGCACCTTTTGGCC",FALSE,FALSE,FALSE
"Control_GTGATAATGATGTATTCTCG",FALSE,FALSE,FALSE
"Control_GTGCGACGAATTGTCCTGAG",FALSE,FALSE,FALSE
"Control_GTGCGATGTCGCTTCAACGT",FALSE,FALSE,FALSE
"Control_GTGCGCATGGGCTGATGTTA",FALSE,FALSE,FALSE
"Control_GTGCGTGAGTATTAACGCTC",FALSE,FALSE,FALSE
"Control_GTGGGGTAGTCTGTTGCTCG",TRUE,FALSE,FALSE
"Control_GTGTAAATCTGTCCAAGTAG",FALSE,FALSE,FALSE
"Control_GTGTAGTCCTAGCCATGGGG",TRUE,FALSE,FALSE
"Control_GTGTATGAATGTTAATTCCG",FALSE,FALSE,FALSE
"Control_GTGTATGATGCTTCGACTTA",TRUE,TRUE,FALSE
"Control_GTGTCGGATTCCGCCGCTTA",FALSE,FALSE,FALSE
"Control_GTTACCTGCTACGAAAACGA",FALSE,FALSE,TRUE
"Control_GTTACGTACCCTCCAACTTC",FALSE,FALSE,FALSE
"Control_GTTAGGAATAAAAGCTTTGA",FALSE,FALSE,FALSE
"Control_GTTATCCTGTCGAAGTAAAG",FALSE,FALSE,FALSE
"Control_GTTATTGACCCGTCGGGAGT",FALSE,FALSE,FALSE
"Control_GTTCATTTCCAAGTCCGCTG",FALSE,FALSE,FALSE
"Control_GTTCCCCGGGAAGTCTATGC",FALSE,FALSE,FALSE
"Control_GTTCCGTGAGGGTTACTTCA",FALSE,FALSE,FALSE
"Control_GTTCGCTTCGTAACGAGGAA",FALSE,FALSE,FALSE
"Control_GTTCTGCCACCGACTTGGCC",FALSE,FALSE,FALSE
"Control_GTTGATCGAAAATGGGAGAA",FALSE,FALSE,FALSE
"Control_GTTGCGAGTTACTATTGGTT",FALSE,FALSE,FALSE
"Control_GTTGGCATATTGGCCCAGAC",FALSE,FALSE,FALSE
"Control_GTTTAAAGAAAGGGGCTAAG",FALSE,FALSE,FALSE
"Control_GTTTACTCATATCCAGTCAC",FALSE,FALSE,FALSE
"Control_GTTTCGAAACTTGAAGTAAG",FALSE,FALSE,FALSE
"Control_GTTTCTCTTGAACCCCGCGA",FALSE,FALSE,FALSE
"Control_GTTTTCAGTTGCCCAACAGC",FALSE,FALSE,FALSE
"Control_GTTTTTGGTTAATTGCCTAC",FALSE,FALSE,FALSE
"Control_TAAACAAAAAGGAAATAGTT",FALSE,FALSE,FALSE
"Control_TAAACCCTTGGCGCCCTCAC",FALSE,TRUE,FALSE
"Control_TAAAGCAGAAGAATATACAG",FALSE,FALSE,FALSE
"Control_TAAATTCAGACCACAGCTAA",FALSE,FALSE,FALSE
"Control_TAACCCAGAAGCCCATTCAG",FALSE,FALSE,FALSE
"Control_TAACCGATACTCCCCACATT",FALSE,FALSE,FALSE
"Control_TAACGCGCATATCTGAACAC",FALSE,FALSE,TRUE
"Control_TAAGATCCGCGGGTGGCAAC",FALSE,FALSE,FALSE
"Control_TAAGCCTCATGAAGGAGGGG",FALSE,FALSE,FALSE
"Control_TAAGGCGACCTGCGCTTGTG",FALSE,FALSE,FALSE
"Control_TAATCACATTGCTTAACCGG",FALSE,TRUE,FALSE
"Control_TAATCATGCACATTCGGGAC",FALSE,FALSE,FALSE
"Control_TAATGCTGCACACGCCGAAT",FALSE,FALSE,FALSE
"Control_TACATGGTATAGTGTTTATT",FALSE,FALSE,FALSE
"Control_TACCCACGCGTATTCCATCT",FALSE,FALSE,FALSE
"Control_TACCCTCCGGATACGGACTG",FALSE,FALSE,FALSE
"Control_TACCCTGGATTGTCCTTGCG",FALSE,FALSE,FALSE
"Control_TACGAAACATCATGGGTTCC",FALSE,FALSE,FALSE
"Control_TACGCTTGCGTTTAGCGTCC",TRUE,FALSE,FALSE
"Control_TACGGATCACCAAATCTTAG",FALSE,FALSE,FALSE
"Control_TACGGGTGTCTCCATCTTGC",FALSE,FALSE,FALSE
"Control_TACGTAAGTGACGACAGGAA",FALSE,FALSE,TRUE
"Control_TACGTCATTAAGAGTTCAAC",FALSE,FALSE,FALSE
"Control_TACTAACGCCGCTCCTACAG",FALSE,FALSE,FALSE
"Control_TACTGGAGTTTGCGACTCGG",FALSE,TRUE,TRUE
"Control_TACTTTTTGGAATCCGTCTA",FALSE,FALSE,FALSE
"Control_TAGAATTTGACCAAAGGCAC",FALSE,FALSE,FALSE
"Control_TAGACAACCGCGGAGAATGC",FALSE,FALSE,FALSE
"Control_TAGAGATATCCGATCGTGGT",FALSE,FALSE,FALSE
"Control_TAGAGTGCATAAGAGAACCA",FALSE,FALSE,FALSE
"Control_TAGATCGAGTTTATTTTCCT",FALSE,FALSE,FALSE
"Control_TAGATTGGCCCCACAAAGCG",FALSE,FALSE,FALSE
"Control_TAGCTCGAGTCATTTCTCTA",FALSE,FALSE,FALSE
"Control_TAGGAGCTGTATCTAGTGGC",FALSE,FALSE,FALSE
"Control_TAGGCGCCCGTAGCATTGGA",FALSE,TRUE,FALSE
"Control_TAGGGGATTAGCTGACAGTC",FALSE,FALSE,FALSE
"Control_TAGTACATGTGTGGTATTTA",FALSE,FALSE,FALSE
"Control_TAGTCAACATTCGCAAGAGG",FALSE,FALSE,FALSE
"Control_TAGTCCTTAGGGTGGGCTGA",FALSE,FALSE,FALSE
"Control_TAGTCTCACCTGATGGCGTG",FALSE,FALSE,FALSE
"Control_TAGTGGAAAATGAATATTGA",FALSE,FALSE,FALSE
"Control_TAGTGGGAATGGTCGCGTAG",FALSE,FALSE,FALSE
"Control_TAGTTACAGACTCAGCGGGT",FALSE,FALSE,FALSE
"Control_TAGTTCTAATCGTTCCTTGA",FALSE,FALSE,FALSE
"Control_TATAACGGTAATGGGATTCC",FALSE,FALSE,FALSE
"Control_TATACCAGACCACAGCGCCG",FALSE,FALSE,FALSE
"Control_TATACTGCGGATCAATCTGA",FALSE,FALSE,FALSE
"Control_TATAGACCTCCCAAATACAT",FALSE,FALSE,FALSE
"Control_TATAGCTGTTTCGAAGGCGC",FALSE,FALSE,FALSE
"Control_TATCAATCGTCCGGGTCACT",FALSE,FALSE,FALSE
"Control_TATCGCTTCCGATTAGTCCG",FALSE,FALSE,FALSE
"Control_TATCTCTGCATAAAAGTGCC",FALSE,FALSE,FALSE
"Control_TATGACCCTGTTACATTGCC",FALSE,FALSE,FALSE
"Control_TATTTATACACTATGCGGCA",FALSE,FALSE,FALSE
"Control_TATTTCTCCTAAGTCTAGCG",FALSE,FALSE,FALSE
"Control_TATTTTGACTTGACGCAGGC",FALSE,FALSE,FALSE
"Control_TCAACCCCAGCGCACCGTTG",FALSE,FALSE,FALSE
"Control_TCAAGGAGCCTTATTTCTTG",FALSE,FALSE,FALSE
"Control_TCAATTCTCACTCACGACCA",FALSE,FALSE,FALSE
"Control_TCACCTCCGAACGAACACCT",FALSE,FALSE,FALSE
"Control_TCACTTGTCTATACGGGGTA",FALSE,FALSE,FALSE
"Control_TCACTTTACACTTGTAGTGT",FALSE,FALSE,FALSE
"Control_TCAGATTCCGCAAGGGTCCA",FALSE,FALSE,FALSE
"Control_TCAGCAAAGGACGAAACAAA",FALSE,FALSE,FALSE
"Control_TCAGGATCAGGGTGTATGGC",FALSE,FALSE,TRUE
"Control_TCAGTATCGGCTGCTGGTAA",FALSE,FALSE,FALSE
"Control_TCATCTTACATCTGGGAGAC",FALSE,FALSE,FALSE
"Control_TCATGCTTGCTTGGGCAAAA",FALSE,FALSE,FALSE
"Control_TCCAGCGCGAGCTTACTCGT",FALSE,TRUE,TRUE
"Control_TCCCAAGGGTTTAAGTCGGG",FALSE,FALSE,FALSE
"Control_TCCCCGAGACCATCTTAGGG",FALSE,FALSE,FALSE
"Control_TCCCGGTTGGTGAACGATAC",FALSE,FALSE,FALSE
"Control_TCCCTCCTAGTCAAGAAGAG",FALSE,FALSE,FALSE
"Control_TCCCTGCATTCATGGTTTTA",FALSE,FALSE,FALSE
"Control_TCCGGAGGCTCAAACCAAGT",FALSE,FALSE,FALSE
"Control_TCCGTCTGCTTCATGAGCGG",FALSE,FALSE,FALSE
"Control_TCCTCACCTAAAGTGCAATA",FALSE,FALSE,FALSE
"Control_TCCTCGATAGCTGGAATCCA",FALSE,FALSE,FALSE
"Control_TCCTGCCAAGAAACACCCTT",FALSE,FALSE,FALSE
"Control_TCCTGGATACCGCGTGGTTA",FALSE,FALSE,FALSE
"Control_TCGAGAGGAAAAACACACTG",FALSE,FALSE,FALSE
"Control_TCGAGATGCGCAGCAGATGA",FALSE,FALSE,FALSE
"Control_TCGATCGAGGTTGCATTCGG",FALSE,FALSE,FALSE
"Control_TCGATGTAGCCCCGCCCAAG",FALSE,FALSE,FALSE
"Control_TCGCAAGGAAGCCAGCTAAG",FALSE,FALSE,FALSE
"Control_TCGCAGCGGCGTGGGATCGG",FALSE,FALSE,FALSE
"Control_TCGCGCTTGGGTTATACGCT",FALSE,FALSE,FALSE
"Control_TCGCGGACATAGGGCTCTAA",FALSE,FALSE,FALSE
"Control_TCGGAAGCAAACTTCTGGAG",FALSE,FALSE,FALSE
"Control_TCGGCATACGGGACACACGC",TRUE,TRUE,FALSE
"Control_TCGGCTACAATCTTTGGCAT",FALSE,TRUE,FALSE
"Control_TCGGCTACGGCGTGGAGAAG",FALSE,FALSE,FALSE
"Control_TCGGCTCCTGAAGCCAGTAT",FALSE,FALSE,FALSE
"Control_TCGGGCAGTGAGTACAATAC",FALSE,FALSE,FALSE
"Control_TCGGGGACCACCCACGATCC",TRUE,FALSE,FALSE
"Control_TCGTAAACACACGACCAAGT",FALSE,FALSE,FALSE
"Control_TCTAAAGCCGTCCTGATGTT",FALSE,FALSE,FALSE
"Control_TCTACCTATTGTGGAATTTG",FALSE,FALSE,FALSE
"Control_TCTACGTGTAGTTGTACATA",TRUE,FALSE,FALSE
"Control_TCTATTTTGTCTGCGCAGAA",FALSE,FALSE,FALSE
"Control_TCTCGTAGCCTAATGCGCCA",FALSE,FALSE,FALSE
"Control_TCTCTCGGAGTGGAGCAACA",FALSE,TRUE,FALSE
"Control_TCTGAAAAATAGGCCCAACC",FALSE,FALSE,FALSE
"Control_TCTGACGATTAATGCTTCTA",FALSE,FALSE,FALSE
"Control_TCTGGCTTGACACGACCGTT",FALSE,FALSE,FALSE
"Control_TCTGGCTTGCACCGTGTCAT",FALSE,FALSE,FALSE
"Control_TGAACGCGTGTTTCCTTGCA",FALSE,FALSE,FALSE
"Control_TGAACGGTGAAGAGATAGGG",FALSE,FALSE,FALSE
"Control_TGAAGTGGGGCGTCGGACAC",FALSE,FALSE,FALSE
"Control_TGAATCGAATACAAACGATG",FALSE,FALSE,FALSE
"Control_TGAATCGTAACCTCGCCATT",FALSE,FALSE,FALSE
"Control_TGACACATTGGCTGGGTGTT",FALSE,FALSE,FALSE
"Control_TGACCTCTGAGGAATTCACA",FALSE,FALSE,FALSE
"Control_TGACGCGATAGAGTTGGCTT",FALSE,FALSE,FALSE
"Control_TGACGCTCCACGTCCGGACC",FALSE,FALSE,FALSE
"Control_TGACTAGCTCTTACATATTC",FALSE,FALSE,FALSE
"Control_TGACTCGGGCAATATCGGTT",FALSE,FALSE,FALSE
"Control_TGAGCATGTCGGGAGTAACT",FALSE,FALSE,FALSE
"Control_TGAGCATTCGTAGCCCAGCA",FALSE,FALSE,FALSE
"Control_TGAGCGGCCTCTAATTAATC",FALSE,FALSE,FALSE
"Control_TGAGGATCATGTCGAGCGCC",FALSE,FALSE,FALSE
"Control_TGAGTCTTACTAGGTCCTGT",FALSE,FALSE,FALSE
"Control_TGCAACCTTCCTTTTCAGGA",FALSE,FALSE,FALSE
"Control_TGCAAGGACCTGGTATGAAC",FALSE,FALSE,FALSE
"Control_TGCAGGTCTAGGTCCCAAAG",FALSE,FALSE,FALSE
"Control_TGCAGTCGCGCTGAGCGTCA",FALSE,FALSE,TRUE
"Control_TGCATGCCGAGCATTTTCAA",FALSE,FALSE,FALSE
"Control_TGCCCACTTAGCAACACTCT",FALSE,FALSE,FALSE
"Control_TGCCCCACCCCAGTGCTCAG",FALSE,FALSE,FALSE
"Control_TGCCGCTATACTAAAACCTT",FALSE,FALSE,FALSE
"Control_TGCCGTGAAAAGACGCTGCG",FALSE,FALSE,FALSE
"Control_TGCCGTTAGCATGCGATCCC",FALSE,FALSE,FALSE
"Control_TGCCTATGACCTAGGTACCA",FALSE,FALSE,FALSE
"Control_TGCCTCTCCCTTACCCGGAC",FALSE,FALSE,TRUE
"Control_TGCGCCTTACTCGTTAACTG",FALSE,FALSE,FALSE
"Control_TGCGGCGTAATGCTTGAAAG",FALSE,FALSE,FALSE
"Control_TGCGGGGAGCTCTCTTAATG",FALSE,FALSE,FALSE
"Control_TGCTACCTTCGGGACCACCA",FALSE,FALSE,FALSE
"Control_TGCTCACTCCACTCCTCAAC",FALSE,FALSE,FALSE
"Control_TGGAAAGCGAGCACACCGTC",FALSE,TRUE,FALSE
"Control_TGGAAATCGACTGTGCGCTT",FALSE,FALSE,FALSE
"Control_TGGAGAAACGAGGTGTAATA",FALSE,FALSE,FALSE
"Control_TGGAGTGCACGCGAAAAGAA",FALSE,FALSE,FALSE
"Control_TGGATCGGCAGTGGTACTGG",FALSE,FALSE,FALSE
"Control_TGGCAGTGGAAAATCTGCGG",FALSE,FALSE,FALSE
"Control_TGGCCACGAATTCCGCCGCC",FALSE,FALSE,FALSE
"Control_TGGCGGCCCAAACTTAACAC",FALSE,FALSE,FALSE
"Control_TGGGAATTCCTCGGCCGATT",FALSE,FALSE,FALSE
"Control_TGGGGACGTTTATCAATATA",FALSE,FALSE,FALSE
"Control_TGGTTCCGTAGGTCGGTATA",FALSE,FALSE,FALSE
"Control_TGTAGATATAGGGTGTCTAC",FALSE,FALSE,FALSE
"Control_TGTAGCTAAGTGAGTATGCC",TRUE,FALSE,FALSE
"Control_TGTAGTCTGGGGTAGACTCC",FALSE,FALSE,FALSE
"Control_TGTCAGTAGTCAGGACCCCG",FALSE,FALSE,FALSE
"Control_TGTCATGCGTCACTTAGTGC",FALSE,FALSE,FALSE
"Control_TGTCATTAGCGTAACGATAT",FALSE,FALSE,FALSE
"Control_TGTCCCTTGCAACCTCCGTT",FALSE,FALSE,FALSE
"Control_TGTCTTCGGATAGGCGGCTT",FALSE,FALSE,FALSE
"Control_TGTCTTTAAACACGCCATCG",FALSE,FALSE,TRUE
"Control_TGTGAAAGTTTATGGTGTTA",FALSE,FALSE,FALSE
"Control_TGTGCACAAGTCGCAACGAA",FALSE,TRUE,TRUE
"Control_TGTGTTAGCCGAGATCTCTG",FALSE,FALSE,FALSE
"Control_TGTTCTACTTTCGAAGTTAA",TRUE,FALSE,FALSE
"Control_TGTTTTGCATGTTGCATAGG",FALSE,FALSE,FALSE
"Control_TTAACGCCTTATTTTTATGT",FALSE,FALSE,FALSE
"Control_TTAACTCGAACGCTCGAAAG",FALSE,FALSE,FALSE
"Control_TTAATTTGGGTGGGCCCTGC",FALSE,FALSE,FALSE
"Control_TTAGCCAGTAGTGCATATGA",FALSE,FALSE,FALSE
"Control_TTAGCCCTCGATTGGTTGCG",FALSE,FALSE,FALSE
"Control_TTATATGGTTTTAAACGGCT",FALSE,FALSE,TRUE
"Control_TTATCGCGTAGTGCTGACGT",FALSE,FALSE,FALSE
"Control_TTATGTGAGCACGCCATTAC",FALSE,FALSE,FALSE
"Control_TTCAATCACCTCACGGTAAG",FALSE,FALSE,FALSE
"Control_TTCAATTCACCGAGGGCGCA",FALSE,FALSE,FALSE
"Control_TTCACCGTCCACGTGCGCAT",FALSE,FALSE,FALSE
"Control_TTCACGTCGTCTCGCGACCA",FALSE,FALSE,FALSE
"Control_TTCAGCGAGTGTGACTAAGC",FALSE,FALSE,FALSE
"Control_TTCCACGGTAAAATCGGTCA",FALSE,FALSE,FALSE
"Control_TTCCATTGGCTGGAATCTGA",FALSE,FALSE,FALSE
"Control_TTCCTAAGATTTTTAAGACT",FALSE,FALSE,FALSE
"Control_TTCCTAGAGTTGGCAGACGC",FALSE,FALSE,FALSE
"Control_TTCCTGCCCGAACTGCAGAA",FALSE,FALSE,FALSE
"Control_TTCGAGGTCCGGACAGGTCG",FALSE,FALSE,FALSE
"Control_TTCGCACGATTGCACCTTGG",FALSE,FALSE,FALSE
"Control_TTCGGAACTTACTCAGGGTA",FALSE,FALSE,FALSE
"Control_TTCGTAGGAACTAAACTGTA",FALSE,FALSE,FALSE
"Control_TTCGTGGTAGGTATAACTAT",FALSE,FALSE,FALSE
"Control_TTCTAAGCCACGTGTGGTAC",FALSE,FALSE,FALSE
"Control_TTCTAAGCGCCCTGGGGACA",FALSE,FALSE,FALSE
"Control_TTCTTAGAAGTTGCTCCACG",FALSE,FALSE,FALSE
"Control_TTCTTCGGCCTACACCCGGT",FALSE,FALSE,FALSE
"Control_TTGCAAAGCTGATCGGCTGT",FALSE,FALSE,FALSE
"Control_TTGCAATGCTGCTATAGAAG",FALSE,FALSE,FALSE
"Control_TTGCAGCCACTCCTGCAATA",FALSE,FALSE,FALSE
"Control_TTGCGTCAGCGCTGCACATC",FALSE,FALSE,FALSE
"Control_TTGGATATTAATTAGACATG",FALSE,FALSE,FALSE
"Control_TTGGCCTGGAATTTAGGATC",FALSE,FALSE,FALSE
"Control_TTGGGGATTAACCCAGAGCC",FALSE,FALSE,FALSE
"Control_TTGGTCCGAGTCTGGAGAAA",FALSE,FALSE,FALSE
"Control_TTGTACGGTACTGGCTTTGT",FALSE,FALSE,FALSE
"Control_TTGTCCCTGAGAAAACGCGG",FALSE,FALSE,FALSE
"Control_TTGTCCGTGACCCTGATTAA",FALSE,FALSE,FALSE
"Control_TTTAACTGTCCCGGTGTGCA",FALSE,FALSE,FALSE
"Control_TTTACGAAGTATACCAGGTC",FALSE,FALSE,FALSE
"Control_TTTACGATCTAGCGGCGTAG",FALSE,FALSE,FALSE
"Control_TTTATGCATTTAATACGCCG",FALSE,FALSE,FALSE
"Control_TTTCAGGCTACGGGCGCGGG",FALSE,FALSE,FALSE
"Control_TTTCCCATGATCATTTAGTG",FALSE,FALSE,FALSE
"Control_TTTCGCCCAAGAGGCTTGGG",FALSE,FALSE,FALSE
"Control_TTTCGTGCCGATGTAACACA",FALSE,FALSE,FALSE
"Control_TTTCTAGTTACTACTGGACG",FALSE,FALSE,FALSE
"Control_TTTGGCAGTACCTTTTATTA",FALSE,FALSE,FALSE
"Control_TTTGGGTTTATCCGCCCCCA",FALSE,FALSE,FALSE
"Control_TTTGGTCAACGCATAGCTTG",FALSE,FALSE,FALSE
"Control_TTTTACCTTGTTCACATGGA",FALSE,FALSE,FALSE
"Control_TTTTGACTCTAATCACCGGT",FALSE,FALSE,FALSE
"Control_TTTTTAATACAAGGTAATCT",FALSE,FALSE,FALSE
"Control_TTTTTCTCACCCGATGAATC",FALSE,FALSE,FALSE
